,emo_text,text_v,text_a,speech_v,speech_a,fusion_v,fusion_a
0,我叫时天80👀，您好🙏。然后这边是我们的产品和运营的同学👀,0.5593291404612158,0.38930817610062896,0.5,0.5,0.5241329739442947,0.5095597484276729
1,那能请您做一个自我介绍嘛🙏,1.5251572327044025,1.082389937106918,0.5,0.5,0.6069182389937107,0.5689667565139264
2,"那个我现在家里面小孩😬，大概就马上快一岁了😅，然后平时呢？😳因为现在以前就是还是挺喜欢周末朋友聚会吃饭😋，然后去自驾游有现在最近这个小孩的话就没有太多时间😐，可能全天大部分时间周末都是围着他的那个转🤚，所以现在你要说爱好😅,就真的是好多时间都没有自由的空间了🤚,我个人还是比较喜欢😬。",0.29273235499650596,0.20642907058001397,0.0,0.0,0.17151166757001415,0.1679007251351165
3,您是从事什么职业？🙊,1.1754716981132076,0.740880503144654,0.0,0.426,0.08137880986937593,0.4609071117561684
4,做餐饮的😬。,0.41069182389937103,0.41572327044025154,0.0,0.0,0.02843251088534107,0.028780841799709724
5,是自己开餐店吗😋，,1.60125786163522,0.9515723270440253,0.672,0.672,1.60125786163522,0.9515723270440253
6,没有公司我们做那个招商这块的🙅。连锁店的品牌的运营🙊。,0.2965408805031446,0.5650943396226416,0.0,0.426,-0.30055636187711665,0.44647435897435894
7,平时也是正常周一到周五上班😓,-0.6515723270440251,-0.12830188679245283,-0.5,-0.5,-0.6121383647798742,-0.4551572327044025
8,对🙌，但😴，很多时候会出去就是巡店或者有那个其他的这个来就是咨询呢🙊，我可能会去那个好多地方城市周边其他的二级城市也会去🙊。,0.7430817610062894,0.005660377358490565,0.0,0.426,0.33272375423318823,-0.08134857281083696
9,那您平时喜欢浏览什么类的资讯app这种常用了👀。,-0.6515723270440251,-0.12830188679245283,0.5,0.5,0.42034141958670257,0.46519317160826595
10,游戏类的😬，然后汽车类的美食、😋旅游的差不多这几个大类🙌，看的比较多😬。,0.9597484276729559,0.7654088050314465,0.0,0.0,0.787327594953393,0.5908756190779533
11,都是通过什么样的app看🙊,0.41069182389937103,0.41572327044025154,0.0,0.426,0.02843251088534107,0.43839622641509435
12,汽车的话👊，我只看那个汽车之家👊，然后那个旅游的话就比较多🔫，那个马蜂窝😈，然后还有穷游网🙊，还有去哪儿🙅，反正就那好多的🙅，因为他不是公众号推送吧🙊，比如有什么地方？🙊他的打折机票或者说有什么景点？🤚他那个一些信息嘛🙊，然后那个出去玩的话🙊，就可能是一些论坛吧🙊，我们本地的一些论坛👊，他会有这个就是一些朋友🙊，他去玩而过👊，一些经历它分享出来👊，我们可以跟着他的线路😈，,0.3631027253668764,0.6378057302585604,-0.239,0.665,-0.12377358490566036,0.722187281621244
13,有看一些什么亲子频道吗？👀,0.32452830188679244,0.29371069182389936,0.4570000000000001,0.4570000000000001,0.46189042089985494,0.45975689404934694
14,亲子频道有有一个那个啥🙊，看了是她是因为是刚刚宝宝出生的时候🙊，然后可能有一些疑问也不是记录成长她有些那个月儿的🙊，然后还有一个就是那个公众和还有app🙊，是那个小豆苗🙊，那个东西是小朋友打对象🤚，小豆苗对那个是她去打育苗🙊，然后预约还有就是看那个她那个就是服务站的微心愿的🤚，他有没有这个可以反正就是官方出的🙌。这个用的比较多🤚。,0.4704402515723271,0.435691823899371,0.0,0.426,0.12793863892920498,0.4884897597161748
15,那像我们平时如果典型工作的时候👀，我们每天早上大概几点起床👀，然后接下来做什么？🙏🙏，,0.5534591194968553,0.3561844863731656,0.5,0.5,0.5236298292902067,0.5067205750224618
16,"在早上的话一般是7点起床😴，然后收拾完到7点半左右就出门了🙊，因为开车去公司的话要一个小时左右🤚，差不多到公司就8点🙊。8点半🙊，8点40左右🙊，然后呢？🙊然后就安排工作嘛🙊，处理一下🙊，如果有外出的🙊，就把那个行程安排一下🙊，然后就去这个忙那个相关的事情🙊，然后下午因为有些时候比如说你出去的比较远🔫,地点有几个的话就可以那个🙊，如果早一点完了就可以早一点回家🙊，然后如果公司里面还有事情🙊，还要先回公司🙊，然后再回来🙊",0.4971698113207547,0.3454140461215933,0.0,0.426,0.012369779067892286,0.2150094742783422
17,早一点是几点👀,0.11635220125786164,0.5477987421383648,0.4570000000000001,0.4570000000000001,0.4474782293178521,0.4773476052249638
18,早一点😈，如果你4 🙅5点可以把事情办完的话🙅，你差不多就可以回家了🙊，,0.2364779874213836,0.559329140461216,-0.239,0.665,-0.2228197064989518,0.6387945492662475
19,正常的话?😅,-2.413207547169811,0.6918238993710691,0.0,0.0,-0.16706821480406386,0.047895500725689405
20,正常的话🙊，一般就说🙅，如果上午有安排下午有安排的话就可能就吃了午饭就回公司🔫，然后去把手上的事情处理一下😋，然后差不多5点半就下班回家了🔫。,-0.06603773584905667,0.5522911051212939,-0.239,0.665,-0.05233827493261457,0.7770238095238096
21,然后呢😴，晚上呢？😬,0.6660377358490567,-0.6301886792452831,0.0,0.0,-0.050793213521064584,-1.2120281794080408
22,晚上的话就回来🙈，吃饭🙌，然后就带小朋友对因为她妈妈也上班也时间也比较那个😋，所以只有下班的时候来🙈，带一下🙈，然后吃完饭就一家就出去🙈。这个去散散步🙈，因为这个她挺喜欢小朋友挺喜欢去外面玩的逛逛超市🙈，然后去公园里面走一走🙈，反正就晚上的时间基本上就是她的🙈，然后9点多10点就回来🙈，然后就她在玩一会儿😴，然后就要开洗澡、🙈洗澡🙈，然后他妈妈就带他去睡觉吧👊。,0.24958622972525651,-0.05882158225753066,0.672,1.098,0.6990675527716244,0.8712861253278334
23,那你呢？👀,1.8144654088050314,1.2081761006289309,0.4570000000000001,0.4570000000000001,0.5650399129172715,0.5230660377358491
24,我可能闲了🙈，偶尔游戏那个只有那个🙈，才有了看电视差不多11点钟睡觉😴,-0.20146750524109014,-1.1125786163522013,0.672,1.098,0.35242864054184814,-0.1519416223189808
25,你玩什么游戏👀。,1.1754716981132076,0.740880503144654,0.4570000000000001,0.4570000000000001,0.5208018867924529,0.49071480406386075
26,手游嘛🙌，然后或者👊，但现在玩的都不太多🙈，都因为现在时间太零碎了所以现在玩游戏都喜欢那种比较短一点的几分钟👊，10来分钟就可以玩一盘的😴，,0.04817610062893085,-0.0617610062893081,0.672,1.098,0.616051282051282,0.3999472665699081
27,那平时白天早上你就不用顾小朋友🙅，,-0.6899371069182391,0.43522012578616354,0.672,1.098,-0.6899371069182391,0.43522012578616354
28,早上不用🙅,-0.6899371069182391,0.43522012578616354,0.0,0.0,-0.6899371069182391,0.43522012578616354
29,早上是她妈妈和他外婆💟,-0.45157232704402506,0.8028301886792453,1.0,1.0,0.9644543100258971,1.0087273399926007
30,早上因为他起来的时间差不多🙊，也是7点半到8点🙊，有些是8点多才起床🙊，然后🙊，我肯定就先走了然后后面就他外婆就带着他🙊，然后早上出去😴，也是去那个外面走走🤚，然后就该吃吃奶🙊，然后中午又吃吃米粉其他的辅食那些🙅,0.7451686678101772,0.2376214979988565,0.0,0.426,0.24662972247877904,0.2625867528697718
31,白天都是外婆带💟,2.1534591194968553,1.7037735849056603,1.0,1.0,1.0563965963743989,1.0405253422123566
32,"对🙌,白天都是外婆带😐",0.24276729559748433,-0.04999999999999993,0.0,0.0,0.6511893467277895,0.554906173025425
33,那所以一般工作日晚上基本上都不在家👀，就大概三个小时都可能是在外面陪小朋友玩👀,-0.5566037735849056,-0.5056603773584906,0.4570000000000001,0.4570000000000001,0.4008889695210451,0.40441582002902765
34,"基本上吃完晚饭都是出去的😋，除非是外面下雨🙊。这种天气一般都是出去的🙊，因为他不太喜欢在家里面🙊,没办法呢🤚，家里面就反正就是很不开心的样子🙊。一出去了🙊，就特别开心了🙊。",0.7437456324248777,0.5992313067784765,0.0,0.426,0.1977724023007042,0.48222625383002743
35,那周六日呢？👌,1.0911949685534592,0.39182389937106915,0.43300000000000005,1.3370000000000002,1.0911949685534592,0.39182389937106915
36,周六日的话🙌。就是说😴，可能白天的时间可能会带他出去🤚，如果天气好的话🤚，可能会出去玩或者是带他去游乐游乐的地方🙊，小朋友玩的地方或者商场里面逛逛街或者是带他到亲戚家🙊，然后去走一走差不多🙊，周末都是这样😴。,0.16933962264150945,-0.3628930817610063,0.0,0.426,0.12821601354620224,-0.20442398403483306
37,那我们现在小朋友出门一般要带哪些东西？🙈,-0.46163522012578617,-0.8830188679245283,0.672,1.098,0.6141944847605225,0.9946371552975327
38,"出门🙊，她挺多的😴，那个有那个要把他的那个车婴儿车要带上🤚。然后尿不湿🤚,那个纸巾🤚,然后她的那个小零食😋,反正就大体上这些东西🙊。这是必带的🙊。水杯啊🤚",-0.21547169811320757,0.056352201257861625,0.0,0.426,0.11480503144654083,0.186534107402032
39,有没有带一些特殊的东西🤚。,0.41069182389937103,0.41572327044025154,-0.239,0.239,-0.20137518142235125,0.258588534107402
40,她玩具小玩具嘛🙊，她有时候不开心的时候🤚，她玩一玩差不多之类🙊，一些东西🙊。,0.49465408805031447,0.27955974842767295,0.0,0.426,0.03424528301886792,0.42896952104499275
41,那我们就是平常在家里的时候比方说👀，有没有一些培养她的一些可能帮助她成长的东西🙏。然后和她一起玩游戏或者是一起听一些音乐这种🙏。,1.0959119496855345,0.6927672955974844,0.5,0.5,0.570125786163522,0.535570530098832
42,"有这个摇摇的那个木马上面也有音乐😬，然后可以听故事😬，然后有那个米兔😬，然后她特别喜欢米兔😅。然后她只要一哭闹的时候😅，你给她😬。她就抱着她了😅。她自己还会选她😅，不但可能我估计应该不是那种有意识的😬，她自己会去按然后她就会听故事😬，然后听儿歌😬，然后反正就是她觉得有这个声音呢😬,就觉得特别开心😬。然后还有就是听音乐😬，我们都是拿那个手机或者ipad上面有那个她有个app😬，就是可以帮助她睡眠的还有就是帮助她那个稳定情绪的比如她要哭闹的时候😬，给她放那个音乐😴，她就会缓和他的情绪app😬。",0.41056603773584904,0.23581761006289303,0.0,0.0,0.014406002284247568,-0.1042301119854336
43,什么app？😬,0.41069182389937103,0.41572327044025154,0.0,0.0,0.04102281930137076,0.041525395954373774
44,那个叫小睡眠还是叫啥？😴能够帮助她入睡的对然后缓解情绪嘛👊。还有平时她的有些就是声控的玩具😂，那些都是反正她玩那个玩具也不太不太喜欢🙅，同一个东西就热度非常低👊，,0.25232704402515715,0.0007547169811320753,0.43300000000000005,1.3370000000000002,0.1665503144654088,0.378248427672956
45,你是有声控的玩具😂。,0.6194968553459119,1.021698113207547,0.43300000000000005,1.3370000000000002,0.5466823899371069,1.4206761006289308
46,对有声控的👊。这是那个不是不是说说话那个声控是那个玩具🙊，他会发声发光的话🙊。,0.939622641509434,0.640251572327044,-0.239,0.665,0.08272012578616356,0.74624213836478
47,小朋友喜欢这种对这个木马是做的时候会放音乐还是说她也有一个按钮🙏,1.5251572327044025,1.082389937106918,0.5,0.5,0.6069182389937107,0.5689667565139264
48,按钮的🔫。,-1.2446540880503145,0.7540880503144655,0.672,0.672,-1.2446540880503145,0.7540880503144655
49,"她也可以讲故事👀,",0.41069182389937103,0.41572327044025154,0.5,0.5,0.511392632524708,0.5118238993710692
50,对🙌，就那个肚子上🙏。,-0.15125786163522015,0.7437106918238994,0.672,0.672,0.9717537493952588,0.9696129656507015
51,这个木马她不喜欢?🙅,-0.6899371069182391,0.43522012578616354,0.4570000000000001,0.4570000000000001,-0.6899371069182391,0.43522012578616354
52,这个她特别喜欢这个木马😂，它就是因为平常对它放到中间的时候👊，她自己会上去👊，然后自己摇😈，而且摇的那个幅度还特别大👍，,0.31031446540880503,0.016855345911949638,0.43300000000000005,1.3370000000000002,0.6430943396226415,1.041672955974843
53,1岁就能自己摇木马?😬,1.4366876310272536,0.9132075471698115,0.0,0.0,0.4119438032922111,0.1657732546854592
54,不到1岁她都会摇👊,0.23836477987421384,0.1716981132075472,0.43300000000000005,1.3370000000000002,0.4323427672955975,1.165676100628931
55,这么厉害?👏,1.6540880503144655,1.2993710691823899,0.672,1.098,1.6540880503144655,1.2993710691823899
56,他摇的幅度、👊特别大😋，因为这个当时我看过他这个是有那个降低重心的那个是比较安全的🙈，就是说你大人在上面都不会把他那个他不会倒🙅，也不会翻的不会倒💯。所以她特别喜欢🙈，然后又把那个音乐放着🙈，然后就在自己摇🙈。因为我觉得这种玩具的话要比在外面去做的那种电动的要好一点🙈，电动的就感觉他就没有自己参与在里面这个是属于他自己要使劲的👊，要使劲才能能够把它舀起来🙈，然后可以跟着音乐🙈，然后他这个带有节奏🙈，所以我觉得这个还可以培养🙈，就说他的一些乐感🙈，因为他现在就感觉就是说有音乐的时候🙈，他就会很开心🙈，然后他有可能就会跟着音乐一起🙈，,0.6704402515723271,0.6385744234800838,0.672,1.098,0.7536964468096543,1.1009669139386122
57,那还蛮看见这个怎么知道有这个产品的🙈。,0.41069182389937103,0.41572327044025154,1.0,1.0,0.9948871624121347,0.9950647428782834
58,这个是我朋友推荐的他他说的这个因为这个当时他😂，我说他说👊，这个是两用的😈，就是现在小朋友还挺小的时候😂，他是这样一个遥遥的木马😂，然后如果再大一点👊，2岁的时候就可以把那个拆掉🙊，他就是一个四个轮子🔫，他就可以对就变成车了😂，他就可以自己对自己可以完了用脚的就是那个圈子😈，那还蛮棒的😂,0.14381551362683434,0.4548008385744235,0.43300000000000005,1.3370000000000002,0.37483857442348,1.1686540880503145
59,那还蛮棒的诶 🙈,0.41069182389937103,0.41572327044025154,0.672,1.098,0.6745863570391872,1.0845500725689408
60,这不贵🙅，这个100多😬,0.2965408805031446,0.5650943396226416,0.0,0.0,-0.30055636187711665,0.24166666666666667
61,100多😬，,1.2830188679245282,0.6949685534591195,0.0,0.0,0.0888243831640058,0.048113207547169815
62,淘宝买的😐,-0.9308176100628931,-1.3786163522012578,0.0,0.0,-0.0644412191582003,-0.09544267053701015
63,是什么牌子的?🙈,0.41069182389937103,0.41572327044025154,0.672,1.098,0.6745863570391872,1.0845500725689408
64,牌子我记不住了😬，他妈妈买的😅，他当时想法😅，,-1.1968553459119498,-0.2771488469601677,0.0,0.0,-0.08718749023303206,-0.020189501153979394
65,你给他听什么英语那些吗？👀,1.2830188679245282,0.6949685534591195,0.4570000000000001,0.4570000000000001,0.5282474600870828,0.48753628447024683
66,英语歌曲有一般我们是在用那个小米盒子放的😂，他那个里面app的😈，有一个那个他的儿童专区👊。然后他上面就有那个儿童专区😈，,-0.4311320754716982,0.17264150943396228,0.43300000000000005,1.3370000000000002,0.23149371069182392,1.1659591194968555
67,你有一个小米盒子啊🙈,0.41069182389937103,0.41572327044025154,1.0,1.0,0.9948871624121347,0.9950647428782834
68,但没有给他买那个会员服务🙅，因为他现在太小了👊，对可能效果不太好👊。所以但还挺好的🙈，他每次的话放的因为他是有那个英文的儿歌🙈，然后的话😂，他还是会有吸引力🙈，就是说会引起他的注意去听看这个东西👊，但可能因为现在那个年龄太小🙈，可能在大一点的话🙈，可能效果更好🙈。我是希望就是说🙈，小朋友🙈，这个以后的培养还是说这个双语的方式🙈，因为他妈妈是做翻译的🙈，所以对所以可能这个对英语这方面我觉得还是从小要有一个语感在里面🙈，多听是听一下这样的🙈。,0.22893081761006287,0.3872733999260081,0.672,1.098,0.5862190159082501,1.0443051879677852
69,所以是从这个开始?😬,1.2830188679245282,0.6949685534591195,0.0,0.0,0.046973024581965624,0.025443721648564715
70,就是说还是对还是让他去听一下嘛😂，因为这个音乐的话😂，他的接受度比较高一点🙌。,1.3274633123689727,0.8895178197064989,0.43300000000000005,1.3370000000000002,0.9692767295597484,1.3079769392033544
71,那是这个比方说🙈，这个木马上也有英语嘛👌，还有都有也有米兔也有🙈，为什么不用这两个会选择了小米盒子里面的一些内容👊,0.07106918238993715,0.4827044025157233,0.672,1.098,0.7434482341557814,0.9164193275278182
72,其实小米盒子要方便一点😈，对小米盒子要方便😈，那上面盒子上面的话👊，因为它是有动画的🙊，对他要看着这个东西🙌，他看到里面的动画片的有👊，有那个人物有那些🙊。他的注意力更集中一点👊，因为你放那个米兔和他其实就只听音乐了🙊，就没有那种代入感🙊。,0.9583857442348008,0.9093291404612159,-0.239,0.665,0.163917714884696,0.8345780922431866
73,担心这样的那个眼睛的安全问题吗?🙈,0.41069182389937103,0.41572327044025154,1.0,1.0,0.9948871624121347,0.9950647428782834
74,现在是这样的他这个电视的话👏，一般就是他就10分钟时间对然后这样休息一下😴，因为这个肯定很注意👊，就是说不会让他一直对🤚，,0.15204402515723275,-0.27735849056603773,0.672,1.098,0.40606918238993717,-0.02615566037735849
75,这么乖?😋,1.60125786163522,0.9515723270440253,0.5,0.5,1.60125786163522,0.9515723270440253
76,她看一会儿就不看了🙈，他就说话💟。,0.6654088050314465,0.22547169811320752,1.0,1.0,1.0038771735109138,0.9883499815020348
77,儿童注意力集中4到8分钟时间💯。,1.209119496855346,1.0452830188679245,0.0,0.426,1.1789719400096759,1.2243335752298017
78,他就几分钟的时间🙅，所以这个因为我也那个查过一些资料就说这个想问他对电视的话🙊，如果你一直看他是要有长时间的🙅，就是说一个这样的话可能才会对视力有影响一段时间呢💯，就几分钟10来分钟的话是没有多大影响🙅,-0.36100628930817613,0.21761006289308177,-0.239,0.665,0.061849056603773635,0.7935471698113208
79,所以的话😴，就是音乐主要就是用小木马和那个比兔在播对不对👀，故事的呢🙏，,0.49538784067085945,-0.4664570230607967,0.5,0.5,0.29666966157532193,-0.4874932614555256
80,故事主要是米兔的🙅，因为米兔他可以更新嘛🙊，然后他的里面的内容量比较多一点👊，但我觉得它里面的内容感觉还是比较陈旧的这种故事🙊，我就觉得还是很多那种经典的特别老的那种故事🙊，然后感觉我都想需不需要自己还是去网上去下载一些来🤚，然后给他听🙊，因为我觉得他自带的里面的故事第一是对质量不是比如说你的那个里面有没有生效🙅，然后你的那个配音人员是就一个口音👊，觉得这样你就可能不太对🙅，就没有我觉得就没有生气的那种🙅，对就是说你比如说你们有男主人公和女主人👏，你至少两个人吧👍，不要一个人从头教到尾🙅，就一个人的声音👊，这样去讲下去👊，因为我有时候会听那个广播嘛👊，他里面我觉得有些他讲的那个就还是对😈，就相当于你可能去听普通的你觉得更效果更好👊，更生动一点👌。,0.5039622641509434,0.5580188679245282,-0.239,0.665,0.114936320754717,0.7090086477987423
81,他能不断更新👀，是指什么？🙏,0.09685534591194966,0.2150943396226415,0.5,0.5,0.484492362982929,0.4946271338724169
82,他更新一直在扩充🙌。🙌，,1.4163522012578618,1.278616352201258,0.43300000000000005,0.911,1.4163522012578618,1.278616352201258
83,就是带wifi的那么这个事💟,1.1754716981132076,0.740880503144654,1.0,1.0,1.0218793932667407,1.0065408805031446
84,这个不带wifi的😈。他必须要接数据线的👊。,-1.0971698113207546,0.0012578616352201255,0.43300000000000005,1.3370000000000002,0.031682389937106925,1.114544025157233
85,当时为什么会买这个牌子的？🙈,-0.46163522012578617,-0.8830188679245283,0.672,1.098,0.6141944847605225,0.9946371552975327
86,当时是这样的🙊，他有两个版本🙊，一个是可以带那个wifi的🙌，然后一个是不带的🔫，然后因为当时觉得他太小了🔫，然后第一次听这个故事的话🙅，可能会觉得他太少了😈，可能不太容易🙅，就是说🙅，如果以后他在大一点的话可以再换一个💯，因为现在其实当初买这个东西的时候🙊。不是让他听故事🙊，是让他就是说帮助他入睡的缓解情绪的作用🙅，倒不是说为了他学习😴，如果是学习的话🤚，可能会选择就是说这个更功能更丰富一点的产品🙅。,-0.1928022361984626,0.19842767295597483,-0.239,0.665,-0.10104647099930121,0.5387299091544375
87,帮助入睡这个答到了吗？😴,-0.20754716981132076,-2.510062893081761,0.0,0.0,-0.20754716981132076,-2.510062893081761
88,嗯有效果还是有效果👍，就说他自己可能在控制情绪方面就是说🙊，比如说他不太不太开心的时候👏，要哭闹的时候🤚，你把这个米兔给他🙊。,0.9626415094339622,0.7344654088050314,0.0,0.426,0.7220464441219158,0.7316782776971456
89,他是因为抱着还是因为有音乐还是因为🙏，,1.5251572327044025,1.082389937106918,0.5,0.5,0.6069182389937107,0.5689667565139264
90,这个我就具体不知道什么原因呢🤚，有可能是他有声光的效果👊，然后又有音乐👊，然后可能它的外形😈，我估计可能就这几方面🙅，,0.4020125786163522,0.5459119496855346,-0.239,0.665,-0.07856289308176095,0.7179402515723272
91,然后现在给他米兔👀，他就基本上不会闹?👀,0.7996855345911948,0.7924528301886792,0.4570000000000001,0.4570000000000001,0.49478592162554436,0.49428519593613945
92,对对对🙈,0.359748427672956,1.1119496855345912,1.0,1.0,0.9930891601923788,1.019637439881613
93,当时你选择米兔这款产品的原因是什么👀,0.41069182389937103,0.41572327044025154,0.5,0.5,0.511392632524708,0.5118238993710692
94,因为我用的小米的东西比较多😬，然后他这是一方面的原因🤚，还有就是当时就是也想给小朋友选一个这样的故事机😬，然后就搜索了一下😬，好像觉得还评价还不错😬。,0.23949685534591195,0.007044025157232693,0.0,0.0,-0.023352069433919376,0.0439455779772999
95,用了小米的哪些东西👀。,-1.7327044025157232,0.8855345911949686,0.4570000000000001,0.4570000000000001,0.31946661828737316,0.5007293178519595
96,"小米的路由器、😬电视盒😬。空气净化器还有手机😬。还有灯啊😬,不是就是一个灯😅,但是挺多的🙅。",0.07232704402515723,0.32120395327942497,0.0,0.0,-0.1175270863516998,-0.26349913462851193
97,为什么会选择他家？👊,-0.46163522012578617,-0.8830188679245283,0.43300000000000005,1.3370000000000002,0.22234276729559746,0.8492610062893083
98,"最早是那个买小米手机嘛🙊，然后就发现他有一个生态链嘛🙊，特别是买了路由器之后🤚，就发现他的好多东西都可以连上🙊，可以去控制他👏,然后他有专用的米家的app嘛🙏，然后上面可以创建一些就是关联🤚。然后本来买了他的东西👌，我就觉得他的品质就是说各方面的话也不错😴，就达到了这个比较比较平均的一个水平呢🤚，所以要性价比也挺高的🙊，所以好多东西可能就会优先选择他的这个产品系列🙊",0.2670859538784068,0.13957023060796644,0.0,0.426,0.2611344944363812,0.27425133043057576
99,真的有时间控制什么东西👊,-0.6515723270440251,-0.12830188679245283,0.43300000000000005,1.3370000000000002,0.1653616352201258,1.0756761006289308
100,有些东西还是会用的🙅，比如空调🙅，然后那个特别特别是那个净化器到冬天🔫，这时候没用都都放好了🙅，就到冬天的时候👊，特别因为冬天成都的话🙊，雾霾特别重🙅，所以的话🙅，,-0.5503843466107617,-0.0345911949685535,-0.239,0.665,-0.4389587700908455,0.5408665269042627
101,这个很好?👍,1.8666666666666667,1.0377358490566038,0.672,1.098,1.8666666666666667,1.0377358490566038
102,它有个功能不是那个打到了多少的那个值🙅，他就自动会启动🙌。这个因为的确冬天特别👊，这边雾霾特别重😈。所以这个还蛮好的👊，那我不用去自己去控制他🙅，他直接达到了👏，对打到了那个值💯，他就自动启动了👏，然后降下来之后😴，他又关机了😈，这个很好👍。,0.49428721174004203,0.36588050314465415,0.43300000000000005,1.3370000000000002,0.6977358490566038,0.7909433962264152
103,空调的话是什么牌子？😂,0.9949685534591195,0.8125786163522013,0.43300000000000005,1.3370000000000002,0.6593238993710692,1.3579402515723271
104,"空调是其他的牌子空调🙌,不是用小米的空调是用的那个阿里的🔫。空调的是空调是格兰仕的🙊，是什么的🙅，因为是次卧装的还是用的对适用的👌，",0.4683737646001797,0.624168912848158,-0.239,0.665,0.11245058400718781,0.710725516621743
105,网上买的?👀,-0.9308176100628931,-1.3786163522012578,0.4570000000000001,0.4570000000000001,0.3749818577648767,0.34398040638606686
106,天猫买的🙊，他就是可以控制它的温度👊，就相当于遥控器一样🤚。,0.7821802935010481,0.29811320754716975,-0.239,0.665,0.035487421383647834,0.6436006289308177
107,就是格兰仕自己的APP？👏,1.6540880503144655,1.2993710691823899,0.672,1.098,1.6540880503144655,1.2993710691823899
108,那个不是他是用的🙅，那个是用的我看我这个手机上还是在在另外小米手机上😬。,-0.36006289308176104,0.26257861635220126,0.0,0.0,-0.3461201157481867,0.22104075887926095
109,你会把这些小米的譬如说净化器这种可以推荐给别人💟。,1.5748427672955976,0.8663522012578616,1.0,1.0,1.4461709211986682,1.0213281539030707
110,会有👊，我好多朋友都买了就米家系列的👊，我说这个他们因为我用了之后👊，他们会比如到家里面玩或者怎么样会聊天的时候说他会他会问我👊，那怎么样？👊我觉得还可以👊。我说👊，这个东西性价比挺高的👊，然后质量还不错👊，反正用的话没问题👊，你其他的那个第一端的那个松下的也要900多吧👊。我说效果还没有这个好👊，,0.10285437832607644,-0.010159651669085647,0.43300000000000005,1.3370000000000002,0.42268988872762464,1.0465118529269473
111,线下去体验了一下👌，,1.0911949685534592,0.39182389937106915,0.4570000000000001,0.4570000000000001,1.0911949685534592,0.39182389937106915
112,去看了的😬，app不在吗？🙅,0.2965408805031446,0.5650943396226416,0.0,0.0,-0.30055636187711665,0.24166666666666667
113,不太常用？🙊是吗？🙊,0.8468553459119497,0.5553459119496855,0.0,0.426,0.05862844702467344,0.44806240928882435
114,夏天才用🙈。因为那个我却没找到他的那个遥控器👊，我觉得不太方便用🙅，因为你每次要对准他用🙈，然后我这个app👊，我坐在客厅里面或者在什么地方或者在在外面🙈，我就先把空调打开🙈，回家了👊，就凉快了🙈，我觉得这个还是挺方便的🙈。,-0.04817610062893082,0.4886792452830188,0.672,1.098,0.5139859700048379,1.0245328979196904
115,那就是这两样有控制到其他的🙈，有吗？🙈,-0.6964360587002097,0.2194968553459119,1.0,1.0,0.9558120606733259,0.9881391046984831
116,还有灯嘛👊，灯的话是主要是小夜灯👊，就是晚上👌，他妈妈起来要喂奶的时候的话需要开小夜灯👏，又可以定时吗？👊然后定时然后可以调节亮度👊，所以他无极调节的👊，所以一般晚上都会把灯光调得特别暗👊，这个我觉得还是挺方便的😂，因为他定时我觉得功能特别好👊，就说你到了晚上👍，我现在设定的是晚上10点半😂，那就开什么样？👊到第二天早上7点😂，他就自动关了👊，就也省电嘛😂，对🔫,0.5828616352201258,0.42333333333333334,0.43300000000000005,1.3370000000000002,0.5840086477987423,1.1093608490566038
117,这蛮好👌。那像刚刚说的这些小米系的产品👀，除了这个空气净化器名优👌，先推荐还有哪些你去优先推荐的🙏。,0.8498113207547171,0.5993710691823899,0.5,0.5,0.7576208445642408,0.48038454627133875
118,"其他的都没有主动去推荐🙅。就是说如果朋友问着的话🙅，他问好不🙊，我肯定还是说还是可以🤚。就说没有主动会去给别人推荐🙅,因为我觉得这个东西你还是说有需求的时候别人问你咨询吗？🙅",-0.8090745732255167,-0.1371967654986523,-0.239,0.665,-0.44188903863432166,0.513007637017071
119,那买米兔的时候有比较其他家的吗？🙏还是就看到小米有就买小米👀,0.7474842767295596,0.8814465408805031,0.5,0.5,0.5402605570530099,0.5517430368373765
120,当时好像还看过那个天猫精灵🙊。但是觉得好像是他的🤚，我觉得他可能会内容会可能会少一点🤚，所以就当时而且他外形😕，我觉得没有这个米兔的好看的时候🤚。,-0.10377358490566037,0.24664570230607966,-0.215,0.211,-0.21029874213836477,0.2498270440251572
121,什么时候？👀,0.41069182389937103,0.41572327044025154,0.4570000000000001,0.4570000000000001,0.5040408805031447,0.5055503144654089
122,好久了🙈。但是今年年初还是几月份呢👊，都忘了👊。好像是6个月以前👊,-0.44918238993710685,0.3377358490566038,0.672,1.098,0.6150566037735848,1.0791509433962265
123,你看的天猫精灵是哪一款？😬,1.0553459119496855,0.6666666666666666,0.0,0.0,0.0674662097122503,0.042618702202017474
124,这是那个方糖😬，然后觉得外形好像没有这个好看😅。,0.4280922431865828,0.4566037735849056,0.0,0.0,0.01638443954295812,0.017475665682939654
125,你知道到天猫精灵有一款故事机?🙊,1.0553459119496855,0.6666666666666666,-0.215,0.211,0.137437106918239,0.3758333333333333
126,应该是才出的话👊，当时应该没有吧🙅，当时没有今年今年5月份出的🙅。,-0.07756813417190778,0.22893081761006293,-0.239,0.665,-0.31703354297693914,0.5396750524109015
127,但是为什么会觉得天猫精灵内容上？👀,-0.6515723270440251,-0.12830188679245283,0.5,0.5,0.42034141958670257,0.46519317160826595
128,因为我看他的介绍🙊，好像主要就是他可以声控去买东西🙊。然后他可以和你聊天🙊，但我觉得这个和小朋友的那个需求就不太吻合🙊，你买东西他自己话都不会说🙊，然后聊天也没有办法聊天🤚，所以我觉得这个可能包括那个这个米兔🙅，也需要的米兔🙊，他的wifi版也是可以聊天😋。但我觉得这个聊天👍，你小朋友现在的话都还不会讲怎么去聊天🙊，所以就只是让他一个单纯的就是故事🤚，对他去放音乐放故事🙊，这样的🤚。,0.34411500449236293,0.35876010781671164,0.0,0.426,0.19609509986868479,0.4938727624576681
129,还有其他的考量吗？💪,1.5251572327044025,1.082389937106918,0.0,0.0,1.602795520597067,1.1374891096690936
130,就只看了两个🙊，还有一个什么火？🙊火火兔🙊，但我觉得他的名气太小了🙅，,0.5812893081761007,0.4193396226415094,-0.239,0.665,-0.02477987421383647,0.6799685534591197
131,品牌名气太小?🙅,-0.6899371069182391,0.43522012578616354,0.0,0.0,-0.6899371069182391,0.43522012578616354
132,然后就不太放心🙊，就没有去研究他说🙅，他品牌的名字因为我们又听说过对我没有我自己没有听说过🤚，所以我觉得我们我买东西还是比较认可品牌的🙊，就说第一是既熟悉的或者是第二是大品牌的🙊。这样🙊，我觉得可能才比较放心一点🙊，因为毕竟是小朋友用的东西🙊。这个也不能随随便便就去买🤚。,0.20796645702306074,0.4348008385744235,0.0,0.426,-0.09263102725366877,0.43896266731172395
133,对买其他的东西呢？😅说吧🙊，比如说电器什么之类的你会关注什么？👏,0.6303459119496855,0.21336477987421382,0.21800000000000008,0.6960000000000001,0.6148191823899372,0.7263993710691824
134,"还是首先要先选择品牌类的💯,然后就是还有就是性价比比较高一点的🙊。",1.1616352201257862,1.0625786163522013,-0.239,0.665,1.072617924528302,1.308183962264151
135,比如说你买当时的空调的时候👏，为什么选择那个跟格拉斯的空调🙌，,0.8455974842767295,0.7011006289308176,0.672,1.098,1.096086115142719,1.1763001935171746
136,对他他这个是个例外👊，我所有的产品只有那个空调是这样的👊，因为当时这样的🙊，因为当时这个卧室是去年买的🤚，是特别着急🙊，然后临时决定的🙅，然后😴，第一是当时这款有货🙊，第二🙅，他是有一个促销👏。然后第三🤚，他带一个这个智能的功能就这个原因才买的👊，如果我按照我平时客户的习惯的话🙊，肯定要考虑一下的🙊，就可能不会选择这个🙅。他是他好像是第一次这个价格👊，他好像是当时一个促销才1000多块钱而又不贵我说🙊，先用着吧🙊，到时候如果以后再需要再换👊。然后第二个他又带一个这个就是手机端的🤚，这个控制功能🤚，让我觉得还可以🙅。,0.3086956521739129,0.2182116488925349,-0.239,0.665,-0.06989130434782606,0.5128978671041837
137,这谁冲动决策😬,1.4421383647798742,0.8232704402515724,0.0,0.0,0.8443604041534334,0.4994740449122503
138,因为当时是属于第二天😅，就必须要用😅。所以没办法🙅。然后其他的😬，然后我又没有时过多的时间去比较😬，但是就简简单单的看了一下😬，然后😴，就买了😅。所以基本上我家电都是就是都会去考虑一下的😅,-0.5132075471698114,-0.6654088050314465,0.0,0.0,-0.11585426376945568,-0.24750623910269662
139,就是电视音响牌子叫什么？👀,-0.10251572327044026,-0.2679245283018868,0.4570000000000001,0.4570000000000001,0.43232583454281576,0.4208744557329464
140,那个叫什么龙🙊，天龙🙈,1.200943396226415,0.9264150943396228,0.21800000000000008,0.6960000000000001,0.5419496855345913,0.8579245283018869
141,那个是很好的品牌👍,1.8666666666666667,1.0377358490566038,0.43300000000000005,0.911,1.8666666666666667,1.0377358490566038
142,对对对对对👌，天龙的👏,1.6362683438155134,1.1241090146750523,0.0,0.0,1.0412277825814937,0.6617417413673387
143,天龙是真的好品牌👌,1.0911949685534592,0.39182389937106915,0.0,0.0,1.0911949685534592,0.39182389937106915
144,他是专业做那个音响的😂,1.0842767295597482,1.3471698113207546,0.43300000000000005,1.3370000000000002,0.6861163522012578,1.5183176100628932
145,这个也是有去比较过👀。,0.5150943396226415,0.23773584905660375,0.4570000000000001,0.4570000000000001,0.47508345428156756,0.4558817126269957
146,比较过🔫，因为当时我看到好多蛮贵的🙊，就当时我看了好多的这个就是回音壁吧🙊，然后我看了一下🤚，因为这个🙅，但是我比较大的👊，因为我会看一些参数嘛🙊，他的功率👊，他的发声源🙊，然后还有就是他的性价比特别是第一是你必须需要一个专业做这个东西的🙊，因为我觉得音效的东西不是说随随便便👊，谁都能做我觉得这个东西还是要去多研究一下🙊,0.27070230607966456,0.38537735849056604,-0.239,0.665,-0.1179559748427673,0.6697798742138364
147,所以你要考虑是这个类目或者说这个行业里面顶尖的一些平台对👀，,0.41069182389937103,0.41572327044025154,0.5,0.5,0.511392632524708,0.5118238993710692
148,要么你就是品牌是一线的😂，要么就是你在这个行业里面做的尖端的😂。就是这个意思这个就是基本上我买东西🙈，要看重的几点😂。,1.2861635220125787,0.9029874213836477,0.672,1.098,0.9458490566037736,1.1858962264150943
149,这个是在网上买的👀，还是在线下买的👀,-0.02547169811320757,-0.2336477987421384,0.5,0.5,0.47400718778077267,0.4561635220125786
150,京东买的😳。我大部分家电是京东买的😬。因为京东方便一点😅，,0.9251572327044025,1.1274633123689728,0.0,0.0,0.07780728681275705,0.09482157001563729
151,方便是说?😳,0.920125786163522,0.03522012578616352,0.0,0.0,0.2523754163818519,0.00966030301940103
152,下单方便🙊，你送货方便🙌，安装也方便👍，他一般都是你到货约一下🙊，他厂家就来安装吗🤚，包括大家电都是这样🤚。,0.7567085953878406,0.4228511530398323,0.0,0.426,0.5616763425253992,0.6616827930978875
153,您给你个人买过一些数码电子产品吗？👍,1.8666666666666667,1.0377358490566038,0.4570000000000001,0.4570000000000001,1.8666666666666667,1.0377358490566038
154,有有有个go 🙊pro还有那个jbl的耳机🙊，不过这东西也放了都好长时间没用了🤚。,0.17610062893081757,-0.34182389937106916,0.0,0.426,0.012191582002902754,0.3859506531204644
155,为什么呢?🤚,-1.9918238993710695,0.420125786163522,-0.239,0.239,-0.3677031930333817,0.2588933236574746
156,真的就没时间嘛🙅，以前我周末的时候还朋友出去🙊，但是我想买个无人机的大疆的无人机的😋，因为大疆做的特别好👍，但是后来的确是没时间了🙅，因为那个时候去年是去年的时候🔫，想买了🤚，但是老婆又怀孕了🙊，然后就没时间了🙅，本来我说约的朋友去周边的那个什么云顶山地方那个去航拍一下👊，我觉得特别爽👊，然后后来的确没时间了🙅，算了🙊，才用两三个月就放那里没用吗？🙅,-0.12493261455525605,0.18459119496855347,-0.239,0.665,-0.05506850853548968,0.6120204402515723
157,为什么😅,-1.9918238993710695,0.420125786163522,0.0,0.0,-0.13789550072568943,0.02908563134978229
158,没时间🙅，,-0.6899371069182391,0.43522012578616354,0.0,0.0,-0.6899371069182391,0.43522012578616354
159,耳机呢😬,1.2830188679245282,0.6949685534591195,0.0,0.0,0.0888243831640058,0.048113207547169815
160,耳机的话🙊，当时我用了那些我是听音乐😴，然后后来给我老婆用他听听胎教之类的🙊。然后现在时间不多了👊，因为当时买的不是蓝牙版的🙊，我当时后悔了应该蓝牙板🤚。有线的的确还是有点不方便🙅。,0.3610849056603773,0.02845911949685534,-0.239,0.665,-0.0841057389937107,0.2738030660377359
161,如果买蓝牙版的你会买哪一款？👌,1.0911949685534592,0.39182389937106915,0.4570000000000001,0.4570000000000001,1.0911949685534592,0.39182389937106915
162,肯定还是选那几个牌子吧😬，就是做耳机的😬。是jbl也挺好的👍，然后索尼的🤚。反正就那几个牌子吧😬,0.3733752620545074,0.4643605870020964,0.0,0.0,0.4810738980374952,0.2607620262524866
163,个人穿戴设备👊。,1.579245283018868,1.209433962264151,-0.239,0.665,0.2746069182389937,0.916996855345912
164,"穿戴设备原来有一个小米手环😂,然后给我爸了👊。那个东西也是一代不带心率那个监测的💯，然后那个当时觉得还挺好的👊，特别是他可以监控监测你晚上睡眠的那个质量问题😴。还是有一定的帮助👊，但我感觉这个东西可能还没有深挖下去😂，感觉你用的半个月就没多大兴趣了👊。这个不知道什么原因👊，反正就朋友也是他也推荐过👊，当时便宜吧几十块钱一个他买了一个👊，当时还大家互拼一下数据👊。后来不知道怎么了就没下文👊，",0.40377358490566034,0.23998203054806821,0.43300000000000005,1.3370000000000002,0.5377133872416892,1.0032524707996406
165,你用来测评那个今天跑多少公里城市🙊,1.5251572327044025,1.082389937106918,0.0,0.426,0.1055878084179971,0.48455007256894045
166,有那个也就是新鲜感过了😈。包括现在那个微信的运动👌，我都屏蔽了🔫。现在也没时间去拼那个东西了😂，我又看好多那种那一天跑😈，你是什么三万步5万步的🙅，对你刚开始👊，我觉得还有点兴趣😂，现在我觉得都疲劳了😂，都不想看了🤚。,0.0032414126753749217,0.08219641993226895,0.43300000000000005,1.3370000000000002,0.09146952104499272,0.6103713110788584
167,那像家里的话🙏，这些我们现在这个家里里的布局呢😴，包括我们这些产品你觉得有没有哪些可以优化的地方🙏。,0.2952830188679245,-0.12531446540880506,0.5,0.5,0.05826594788858938,-0.24689577717879604
168,不止我就觉得储物的空间太少了👊，本来打算把这个卧室重新改造一下的👊。但他们说😂，那个我咨询的公司👊，他改造的话可能会有一些要有一些控制吸引比需要放一下👊。然后就可能时间上不太方便🙊，然后就放弃了😂。也是想把这个卧室👌，以后改成儿童房吗👊，然后他都有一些东西😈。所以这个还挺头疼的😴。因为当时这套房子的话就是想到这边因为学区房👊。小朋友以后可以对上这边可以读书吗？👊你这个是锦江区的😂，因为成都的这边😂，锦江区就相当于是学区资源排名第二的😂，,0.25242323344432116,0.0074731779504254746,0.43300000000000005,1.3370000000000002,0.43049482056973737,0.8981085830558639
169,我们不太了解🙊，,-0.10251572327044026,-0.2679245283018868,0.0,0.426,-0.007097242380261249,0.39106676342525404
170,就因为所以我就说要留这个房子🤚，因为我们还在房子的话那边没装修🤚，但太远了👌，那边的话🤚，配套都不成熟🙊，所以的话就没办法现在存在个小房子🙅，这边因为主要是想到他以后这边🙅。因为楼下有两个公立幼儿园🙊，所以摇号的比例是比较高的🙊，就没办法🙊，现在都后面对你🙅。你这个东西你搬去走了🙊，因为他现在政策就这样的你🤚，如果不在这里常住就算户口在这里的话也不能去参加他的幼儿园🙊。他必须要双方认证🙊，所以还是在这里面🤚。,-0.18435072142064374,0.20547539770625228,0.0,0.426,-0.07657019266342241,0.40887333162582884
171,那如果理想中可能理想能装一套🙏，下一套👌，你有的那个没装修的房子🙅，他会大概是怎样的一个情况👀,0.31871069182389944,0.44528301886792454,0.5,0.5,0.3571293800539083,0.4653009883198562
172,我觉得可能还是会向科技类就智能化的一点的😬，靠近吧😬，比如说冰箱可能我会选择那种带有那个互联控制的😋，然后最好是有菜谱😬，就是当时我看过有一款音箱😬，他是那个里面的东西一放没多久😬，他会提醒你也会设定一个时间👏，比如你鸡蛋放里面就放10天😅，20天😅，他会提醒你😬，你这个东西😬，该吃掉了😋，不然要坏掉😅，还有就是发现高端的冰箱😬，他的保存的😬，你的蔬菜、🙌肉类会特别新鲜😋，他会保质期😬，会特别长😴。这个挺好👍，还有就是吸油烟机😬，跟你提示放什么东西🤚，但我觉得可能形式上会更那个可能实用性不太大😅，但其他的好东西😬，比如说👏，你这个风管就是这个新风系统😬，然后你的这个地暖对吧😬，好多这些东西我觉得是你新房上去考虑的东西💯，特别是新风系统🔫，他一定要和你的这个新风和空气净化是二合一解题的😬，因为现在😅，我就发现我用这个小米的这个净化器就很大的问题😬，你不能开窗😬，你开窗的话🤚，他那个外面的雾霾又进来了😬，所以一句话🙅，你会觉得里面特别闷😬，所以新风系统和净化新风系统的话😴，我就觉得他这一套就是很完善的东西😅，既能够把新风换进来😬，然后又能把那个你的雾霾给降低😅。,0.5329699510831585,0.4288749126484976,0.0,0.0,0.32712139163616655,0.21061265471685178
173,其他呢？🙏,2.1635220125786163,1.6811320754716983,0.4570000000000001,0.4570000000000001,0.5892053701015966,0.5558091436865022
174,还有很多说你的这个一些娱乐系统当然由当时这个房子太小🙊，就没有做娱乐系统投影仪啊🙅，不是在好多那个还有激光的倍投的🤚，然后有空我想玩会游戏🤚，大电视玩的话也挺好的🙊。现在这个东西都受到限制🤚。,-0.17696540880503145,-0.2867924528301887,-0.239,0.665,-0.06402712264150942,0.4896599842767296
175,也看过投影仪这些东西🙊。因为他屏幕够大吗？🤚,-0.3393081761006289,0.07547169811320753,0.0,0.426,-0.023490566037735854,0.4148403483309144
176,对他是一方面够大🤚，可以做到100寸80寸🙊。然后因为我去看过🙊。我以为他还是像这种普通投影一样🙊，他是有一块那个屏幕的那个背版的那个是他特定了👊。然后我😴，我看了一下他的色彩基本上还是能够达到普通这个电视的80%🙊左右吧👊，然后亮度也挺好的👍，在强光下的话👊，亮度要比普通的投影也好🙊。,0.7922813036020583,0.44173813607775875,-0.239,0.665,0.18652944539736993,0.4564665523156089
177,哪一款激光背投😬,0.41069182389937103,0.41572327044025154,0.0,0.0,0.02843251088534107,0.028780841799709724
178,我看的好像是夏普的吧😬。,0.41069182389937103,0.41572327044025154,0.0,0.0,0.04777714130344511,0.048362466158617494
179,夏普的多少钱👀,0.23836477987421384,0.1716981132075472,0.4570000000000001,0.4570000000000001,0.4559252539912918,0.4513098693759072
180,那个好好几万呢？🔫,-1.2446540880503145,0.7540880503144655,-0.239,0.665,-1.2446540880503145,0.7540880503144655
181,多少钱你考虑？🙈,0.41069182389937103,0.41572327044025154,1.0,1.0,0.9948871624121347,0.9950647428782834
182,我觉得一百寸的可能就两万以内的吧🙊，肯定现在不行吗🙅，我觉得慢慢的🙊，价格应该会往下走吧🔫。,-0.2476415094339623,0.15943396226415094,-0.239,0.665,-0.44148191823899374,0.5954205974842768
183,你知道小米出了一个激光电视吗？🔫,-1.2446540880503145,0.7540880503144655,0.4570000000000001,0.4570000000000001,-1.2446540880503145,0.7540880503144655
184,我知道🙊，小米有一块65寸的电视朋友刚刚我推荐他买了才3000元钱👏。,1.5498427672955972,1.0639937106918238,-0.239,0.665,0.9815015723270439,1.0052751572327043
185,有的那个激光电视100寸9000元钱💟。,1.4113207547169813,0.9723270440251571,1.0,1.0,1.0302034776174622,1.014709581945986
186,那我真的没看🙈，因为现在还没有想买🙊，所以就还没关注他🤚。他挺好的🙏，,0.2668238993710692,0.06509433962264148,0.43300000000000005,0.911,0.3179834905660377,0.6290762578616351
187,那这个你会买吗?🙏,1.5251572327044025,1.082389937106918,0.5,0.5,0.6069182389937107,0.5689667565139264
188,现在价位你会买1万元钱一百寸的这个看下效果如果效果能够达到标准的话🙊，我觉得肯定会用💯，因为毕竟因为现在就是买一个4k的65寸的话就不🙏，说小米的那款小米的话也是价格的🙈。我估计就是市场的价格🙊，应该是在6000到8000左右就是比如夏普的或者三星的👊。他效果好一点的吗🤚，然后智能的嘛😈，然后带那个4k的我估计差不多🙊，曲面屏的也就是六七千🙊。所以太体现🙈，但这个价格真的还没有了解嘛👏。挺好的价格🙈。,0.35527970870572656,0.4875868917576961,0.43300000000000005,0.911,0.5931570671962926,0.9248005627275735
189,那还有什么其他的畅想嘛？🙈娱乐设施🙈,0.7606918238993711,0.43333333333333335,0.672,1.098,0.6988171262699565,1.0857692307692308
190,我觉得还是要上一套安防的系统因为我原来买过一个那个小蚁他是那个智能摄像头👊，可以语音对话👊，然后就可以监控的👊。对300多的那🔫，,0.5073899371069183,1.114622641509434,-0.239,0.665,-0.04694968553459117,0.8885534591194969
191,然后呢😴，,-0.20754716981132076,-2.510062893081761,0.0,0.0,-0.20754716981132076,-2.510062893081761
192,我送过朋友了😈，因为当时那个👊，我觉得我暂时还没有这个需求👊，但我觉得东西还是挺好的👍，,-0.0034591194968554007,0.21635220125786164,0.43300000000000005,1.3370000000000002,0.59625393081761,1.0821344339622643
193,为什么?😅,-1.9918238993710695,0.420125786163522,0.0,0.0,-0.13789550072568943,0.02908563134978229
194,因为他首先可以监控你的家里面的情况👊，这个特别就是发现我担心的是小朋友或者是老人在家里面如果有什么紧急情况的话🙅，你可以调出来看👊，因为我觉得他的那个🙊.🙊.🙊.🙊.🙊.,0.7894654088050315,0.5187106918238993,-0.239,0.665,0.037672955974842846,0.7097798742138365
195,调出来看🙏，可以实时?🙏,1.2830188679245282,0.6949685534591195,0.5,0.5,0.5861635220125786,0.535759209344115
196,他有回放就说他可以比如说你设定时间👊，它有截图的🙊，然后这样可以看🙊，然后还有就是你👊，我觉得他那个语音对话特别特别好👌，也可以马上就是要进行对话🙊，有什么事情比你打电话还方便🙊，因为你看的那东西🙊，比如说什么东西该怎么操作的话👏，你可以直接给家里面人说一下🙅，就该怎么操作？💯然后就可以处理👊，还有就是他不是有那个🙊。那个门碰吗🙅，那个就监控你的窗关好没有门关好没有👊。我觉得这个还是特别是门窗我觉得有作用🔫，就是说🙊，因为现在小朋友还挺小如果再大一点🙅，2岁左右的话🙅，他可能就会去爬爬门窗或者是怎么样🙅，就有这个监控的话🙊，就把它给关好这个🙊，我觉得还是挺好的🔫，,0.31743396226415094,0.552503144654088,-0.239,0.665,0.11161006289308179,0.7546666666666666
197,这个没防盗的?🙅,-0.6899371069182391,0.43522012578616354,0.672,0.672,-0.6899371069182391,0.43522012578616354
198,没有🙅，但这个是简易的😌，他可以把那个锁掉🙅。这个肯定后来后却要改造一下♥。,0.3523270440251572,0.5334591194968553,0.0,0.0,0.4777088270241368,0.6051739851681435
199,那个摄像头为什么送人了？🤚,-0.10251572327044026,-0.2679245283018868,-0.215,0.211,-0.20992138364779875,0.09545597484276729
200,没地方放🙅，然后用了用了一段时间😐，然后我朋友😬，他需求更大😳，我就送给他了😬。因为他家里面对他🤚，他因为他就是在家时间不多😐，然后他又想和小朋友见面😅，他是个儿子😳，然后他就喜欢他😳，,-0.061446540880503206,0.27905660377358493,0.0,0.0,-0.06788828663589946,0.07802045499059121
201,还有其他的畅想吗？🙈,1.5251572327044025,1.082389937106918,0.672,1.098,0.7517416545718434,1.1307039187227867
202,差不多吧🙊，我觉得这几块就是当下比较关注的🙅，,0.31572327044025156,0.2833333333333333,-0.239,0.665,-0.10444968553459118,0.6391666666666668
203,现在小朋友没有监控或者其他🙈。,-0.46163522012578617,-0.8830188679245283,0.672,1.098,0.6141944847605225,0.9946371552975327
204,"现在还没有现在就是人嘛🙅，天天围着他转👊,这个就要好一点🙊,不过可能我觉得会走了以后🙅，我觉得可能还是比如说有一些我看过有手环的🙊，或者是带着那个脖子上的那个带Gps的🙅，或者有防走丢的功能的这个东西我觉得也关注过🙅，可能以后会带个手环或者怎么样或者是手表这样的🙊，因为我觉得这个还是挺重要的🙊，你不管是现在的👊。外面环境安不安全或者小朋友走丢了🙅，这样的迷路了🙅，这个还是有作用的👏。",0.1282535074987905,0.3402999516207063,-0.239,0.665,-0.056303821964199294,0.6835945815191098
205,有考虑过具体买哪个吗？😐,0.5150943396226415,0.23773584905660375,-0.5,-0.5,-0.26213836477987423,-0.34534591194968556
206,暂时还没有🙅，但我觉得要求首先是你那个😂。带着功能👊，你的辐射就是你的电磁波的那个东西😂，要符合安全😂，😂，然后第二个你的续航能力要强好😂，你不说的什么两天三天就充一次电😈，那我忘了怎么办？👊是吧🙅，还有就是你如果有能通话的功能就肯定更好👌。最主要有那个定位或者是防走丢功能🙅，你大人那有多远呢2米3👊.5米以外了😂，他要报警就最好特别是你在外面用😈，因为我们朋友他们😂，就是有一次就他们还走丢了我们帮忙还去找了一下😈。他是在商场里面👊，然后他们就去买什么东西的时候小朋友在旁边😈，他以为在👊，然后结果可能就几十秒时间😈，一转身孩子不见了👊，然后到处去找😈，还去找那个最后还是去商场里面去调监控才发现他是跑到另外那个楼上呢😂，然后一个一个什么地方去玩玩玩具去了👊。所以我觉得这个的确他虽然说是一个小概率的事件😈，但我觉得你作为家长的话👊，你如果有可能会有这样的👊，就是不小心的情况出现👊，你最好是把这样的情况危险度给降低做一个防范👊，我觉得这个还是有必要的👊。,-0.14838709677419357,0.3947048082775412,0.43300000000000005,1.3370000000000002,0.2476602759180361,1.127144958409414
207,"有没有想过一些亲子互动类的一些东西🙈,亲子互动类的哪方面呢👊，就是比方说🙈，你和他可以一起玩或者你可以或者可以帮你去照顾他等等都行🙈。",0.4326345213137666,0.34143955276030746,0.672,1.098,0.7753744019781756,1.0964790625167984
208,现在太小了暂时还没考虑🙊。可能他会说话以后的话🙊，我可能会给他有一个这样的机器人🙊。这样的话🤚，他可以和他聊天呢🙊，因为我觉得未来肯定是ai的这个技术的话🙊，可能会以后发展的越来越好💯，这个好多智能化自动化的东西🙊，所以我觉得小朋友还是早一点去接触🙊，这样东西🙊。是比较好对你更快的融入社会💯,0.7491709548313321,0.7995997712978845,0.0,0.426,0.4501433786339447,0.734918634824295
209,他现在有哪个产品是看过亲自接触过的心痒痒的😬。嗯😅，就是别人不拿他的东西🙅。,-0.9549266247379454,0.4329140461215933,0.0,0.0,-0.26875038038870797,0.1604675500280412
210,"有🙈,他看中的东西都不能拿他的🙅，他不是说哪一样东西就说👊，只要他在手里玩的东西你都不能去抢🙅。抢了就不得了了就翻天了🔫，",-0.9461215932914048,0.3278825995807128,0.672,1.098,-0.1495621673923561,0.8025943396226416
211,有特别喜欢的吗？😋,1.60125786163522,0.9515723270440253,1.0,1.0,1.60125786163522,0.9515723270440253
212,"特别米兔算一个🙈。然后还有一个小槌槌🙈。那个给他买的那个打地鼠的🙈,然后他就他就拿着那个小捶捶你👊，他拿那个时候你千万不能去碰他🙅，",-0.2739622641509435,0.6123270440251571,0.672,1.098,0.3695220125786163,0.9680251572327047
213,好凶的小姑娘🤚，,0.5150943396226415,0.23773584905660375,-0.239,0.239,-0.19414731494920173,0.24626632801161102
214,她性格强💟,1.579245283018868,1.209433962264151,1.0,1.0,1.0361302256751757,1.0230780614132444
215,那你刚刚说你这件家里装到那个安防系统性问题吧🙈。不担心隐私吗?🤚,-0.3242138364779874,-0.32672955974842766,0.672,1.098,0.21370101596516694,0.6120984518626028
216,安防问题的话🔫，因为我当时研究过那个小蚁的摄像头👊，他有两种模式👊，一个是本地存储吗😂，他插那个TF卡😈，然后还有一个是云的那个备份👊，我觉得我还是比较相信😂，现在大企业的这个安全做法就是说👊，我在云备份上的东西😂，你不会说泄露出去🙅，我觉得这个肯定作为一个这样大公司来讲👊，这个是很严重的问题👊，我还比较放心交给他们来做👊，包括因为我好多文件我是用了很多云的备份👊,-0.09186882300089848,0.32340521114106024,0.43300000000000005,1.3370000000000002,0.18499550763701705,1.1114869721473493
217,您到现在会出现一种遥控器找不到这种情况🙈。,-1.7327044025157232,0.8855345911949686,1.0,1.0,0.9192378838327784,1.0116463189049205
218,有些时候会找不到💯，但还好👌,1.7223270440251572,1.2135220125786164,0.43300000000000005,1.3370000000000002,1.7223270440251572,1.2135220125786164
219,我们买小米摄像头🙊，所有考虑过其他摄像头🤚,-0.10943396226415103,0.400314465408805,0.0,0.426,-0.007576197387518142,0.4373294629898403
220,其他的看过🙈，但价格都差不多👊，然后因为我觉得小米的系列首先都会加一点分👍，所以其他的就没有看太多🙈，除非就是说你其他的东西特别好😂。,0.6423899371069182,0.49635220125786156,0.672,1.098,0.902050314465409,1.026188679245283
221,所以🙈，现在基本上如果他价格差不大的话🙈，,-0.05094339622641508,0.11446540880503142,0.672,1.098,0.6426269956458637,1.0636937590711177
222,反正分会高一点🙏。会有这个倾向🙏，对会有这个倾向👌。,1.09811320754717,0.3740041928721174,0.43300000000000005,0.911,0.6921375584583132,0.7314328334139656
223,那我们现在的话🙈，就是如果是刚刚也讲了您未来的一个家庭生活吗？😴你平时有关注那个汽车之家您是有车吗？💯对车的这个方面想过有哪些需要改善或就是说🙈。您现在车上已经购买了那些产品🙈，,1.098637316561845,0.5137316561844864,0.672,1.098,1.0216005482986616,0.6507712465731335
224,行车记录仪😬，就那个东西😬。其他的电子类的就不太多😬。,1.6620545073375261,1.2085953878406708,0.0,0.0,0.07391706447138369,0.05375023671512702
225,行车记录仪哪个品牌的？😋,1.60125786163522,0.9515723270440253,0.0,0.0,1.60125786163522,0.9515723270440253
226,行车记录仪😬，我准备换一个😅。原来的那个是那个买的特别早了👌，因为车是15年买的那个原来的功能不太多😅。现在我看了一下😬，还挺好的😬。我觉得如果我要我只能说现在想买的那个我也看过😬，我看过比较过有360的😬。,0.5738993710691824,0.3764150943396226,0.0,0.0,0.16536492375308376,0.07065660861247963
227,不是阿里的钉钉吧🙅,-0.6899371069182391,0.43522012578616354,0.4570000000000001,0.4570000000000001,-0.6899371069182391,0.43522012578616354
228,不是阿里的钉钉🙅，不是叫什么反正带个钉字🙊，但我忘了🙊，然后小米的也看过🙅,0.019874213836477972,0.23962264150943394,-0.239,0.665,-0.24996226415094341,0.5761509433962264
229,金视麦😬,1.0553459119496855,0.6666666666666666,0.0,0.0,0.07306240928882438,0.04615384615384615
230,然后金视麦也看过😴，我觉得好像他的参数性能各方面还没有😳，我就觉得那个叫啥名字😅，那个在京东上有的😳，而且卖的特别好😳，因为我一般看东西👍，我要上看一下他的销量那个评价😳,0.6219339622641509,0.30746855345911944,0.0,0.0,0.34905773270248347,-0.01607064381369383
231,主要是评价是吧💯,2.3534591194968555,2.0352201257861635,0.0,0.0,2.3534591194968555,2.0352201257861635
232,第一步筛选😂，然后再看🙈，那个还是有十几万的评价吧🔫，更高对我行车记录🙈，我就前天才看的盯盯拍🙈,0.023144654088050266,0.8527044025157233,1.0,1.0,0.5449855715871254,0.9599038105808362
233,你为什么要换😅,-1.089308176100629,-0.2647798742138365,0.0,0.0,-0.07541364296081278,-0.018330914368650218
234,对盯盯拍？🙊,0.41069182389937103,0.41572327044025154,0.0,0.426,0.02843251088534107,0.43839622641509435
235,这就是单纯的连连那个显示屏都没有💟，,1.5251572327044025,1.082389937106918,1.0,1.0,1.034221235664077,1.0185941546429893
236,我不需要显示屏🙅，也这里需要回看回看我可以手机👊，他连wifi看看他功能其实更多的我觉得这个行车记录仪👊，我其实拿那个显示屏👊，我觉得意义不大😂，因为平时我没有需求😈，会去看👊，首先第一点👌，我只有两个作用👊，第一个就是说出现交通事故的时候👊，我有证据第二个我希望是我在旅途的途中可以去抓拍一些比较美的景色👊，因为你从那个前挡风玻璃拍的东西还有你那个视频的话😈，是不一样的感觉😴，你可以看一下真的因为我看到他有一款他是1440的那个😈，就是2k屏👊。他是2k的那个存储的👊，然后他的那个广角👊，他就不会变形😂，这个😈，就是他吸引我的卖点😂。他怎么拍摄他🔫，也是一样的就是你可以通过手机👊，他一个wifi连接之后😈，然后你可以回看去拍视频可以去拍照😂，然后都可以😴,-0.03378616352201257,0.12706918238993709,0.43300000000000005,1.3370000000000002,0.2432930817610063,0.8331622641509435
237,是又回看的方式拍吗？🤚,0.41069182389937103,0.41572327044025154,-0.45399999999999996,0.44999999999999996,-0.25512578616352194,0.49971698113207547
238,不然你可以直接就是说点拍摄🔫，他就可以拍🔫,-1.2446540880503145,0.7540880503144655,-0.239,0.665,-1.2446540880503145,0.7540880503144655
239,就是你在车里🙊，然后app上面推进操作👍,1.5210691823899372,0.889308176100629,0.0,0.426,0.9740227382680213,0.7493214804063861
240,对可以拍照😳，可以视频💯，他本身也在录他的路况吗😬，所以都可以的😬。,1.4011006289308177,1.2715408805031445,0.0,0.0,0.6451498559214858,0.562096655340005
241,相当于钉钉拍👀,-1.2672955974842768,-0.9830188679245284,0.4570000000000001,0.4570000000000001,0.3516872278664733,0.37136792452830203
242,他也有语音功能也🙈，有他两个版本🙈，一个是wifi版的一个是语音版的语音版🙈，你直接说拍照他就拍照了👊。,-0.2572327044025158,0.058333333333333334,0.672,1.098,0.628345428156749,1.0598076923076925
243,这个语音版的吸引你吗👌,1.0911949685534592,0.39182389937106915,0.4570000000000001,0.4570000000000001,1.0911949685534592,0.39182389937106915
244,我觉得最好是两个都带因为你手机可能有些时候是用手机🙊，有些时候你自己开车👊，你就用语音👊。所以😴，我觉得这个东西还挺好的🙊。而且现在他的这个东西🙊，我觉得一定就是说如果能带一些那个电子狗的功能😈，就说可以及时更新的🙊，我说😈，有些路况不太熟悉的🙅，这个就更好了🙊，特别是出去玩儿就担心这个东西是说你到不熟悉地方万一超速或者是有什么什么那个乱七八糟的🙅，现在这个电子眼也特别厉害🙊。,0.5946782776971455,0.37126269956458624,-0.239,0.665,-0.038448234155781295,0.46856676342525405
245,会用手机导航吗？👊,-0.46163522012578617,-0.8830188679245283,0.43300000000000005,1.3370000000000002,0.22234276729559746,0.8492610062893083
246,会用手机导航👍，因为手机导航🙊，我觉得我一直都觉得😴，比如说像百度的🙊，我也用的👊，然后高德的也在用🤚，然后我觉得都更新都有延迟🙊，因为我对我经常在周边我开车上班的路🙊，这条路上的话🙊，我都发现有电子眼的时候🙊，他其实地图上还没有更新🙊。而我已经知道🙊，因为我天天看着这条路🙊，怎么又多了个电子眼👊。所以我觉得这个东西地图上的我觉得不太靠谱👍。地图上就是路况好💯。可以靠实时路况这个功能🔫，这个好🙊,0.5976939203354298,0.3566037735849057,-0.239,0.665,0.2156996855345912,0.5987849406009782
247,那你为什么现在行车记录还没换呢？🙈,0.5150943396226415,0.23773584905660375,0.672,1.098,0.7145283018867925,0.9863207547169811
248,没时间了😂，你看最近这接近大半年的时间都没有走太远的地方出去👊，基本上都没怎么出去玩儿了👊，所以这个行车记录仪一下就先放旁边嘛👊，因为要需求了😈，,0.2679245283018868,0.6107966457023061,0.43300000000000005,1.3370000000000002,0.4412106918238994,1.2974056603773585
249,有带小朋友出去玩吗？🤚,0.23836477987421384,0.1716981132075472,-0.215,0.211,-0.10765723270440251,0.22734276729559746
250,"都是特别近的地方🤚。就是在成都市区的🤚。都没有走太远的地方太远了🙅,第一他坐车不习惯🤚，而且😴，他那个要吃喝拉撒一大堆的东西🤚。所以不太方便🤚。",0.04636118598382751,0.18445642407906554,-0.239,0.239,-0.28027455249153366,-0.09896727486350129
251,车上需要给小朋友也按一些比方说可以听音乐🙏，这样子的一个东西🙏。,1.2226415094339622,0.5588050314465408,0.672,0.672,0.7307982583454282,0.6848403483309145
252,现在还没有因为他坐车的时间不太多🙅。只是说🙊。就周末出去玩时😈，他坐一下都做的时间不长🙅，都不超过一个小时🙅，所以没有考虑到他的🤚。没考虑他的感受🙅，暂时还没有大一点可能会🙅。现在他现在总是还是年龄还不够嘛👊，所以太小好多还没有考虑到他的东西🙊。,-0.32320754716981126,0.3466037735849057,-0.239,0.665,-0.35288679245283017,0.6082452830188679
253,家里有蓝牙音箱😬。,1.0842767295597482,1.3471698113207546,0.0,0.0,0.052140244555959316,0.06478213679748543
254,蓝牙音箱没有😓，本来打算是想买一个放浴室的😓，我喜欢在洗澡的时候听歌😐。,-0.4192872117400421,-0.11425576519916152,-0.5,-0.5,-0.5424528301886792,-0.4509433962264151
255,跟我一样🙈，我家厕所里放了一个👊，,0.007861635220125729,-0.14402515723270448,0.672,1.098,0.6466981132075471,1.0457982583454282
256,我就觉得洗澡了🙊，特别冬天的时候都能洗的时间长🙊，,0.920125786163522,0.03522012578616352,-0.239,0.665,0.07687106918238999,0.5647327044025158
257,洗澡的时候特别适合声控😂，你就是下一首🙈。,1.9251572327044024,1.739937106918239,0.672,1.098,0.7794339622641511,1.1762264150943396
258,我原来是听我是手机放那个喜马拉雅😬，我是听段子或者听他的那个书😬。然后后来没买😬，我觉得一是我担心它的续航能力😬，还有就是在浴室卫生间的😅，他会太潮湿的那个会不会有影响就反正有想过有想买一个这样的东西😅。,0.26145552560646895,0.20476190476190473,0.0,0.0,0.01000473058814036,0.007835319934835699
259,那现在刚才也提到😬，觉得那个米兔里面可能故事那些更新不是很及时给小朋友用什么播🤚,0.13427672955974845,-0.04654088050314466,-0.215,0.211,-0.1388836477987421,0.16187106918238992
260,现在就只能将就这样有空👊，因为他的故事就那么多🔫，你放我👊，他又重新回来又开始🔫，,-0.4440251572327043,0.8871069182389936,-0.239,0.665,-0.332374213836478,0.8202987421383648
261,现在应该不止一两首都有爱好的还是明确的爱好🙈，,0.5150943396226415,0.23773584905660375,1.0,1.0,0.9985719570847206,0.9887828338882723
262,现在还看不出来👊，他有爱好没有🙅。太小了🙏，看不出来👊。现在还不是让我现在目的还不是让他学习👊，还不让他听的懂🙅，现在是让他对现在是安抚情绪为主🙏，就有人给他在旁边说话的那种👊。,0.27562893081761003,0.44677672955974845,0.43300000000000005,0.911,0.17079856071601357,0.7891742259313015
263,你会对就是宝宝比如说是这样的👏。音乐👊，那你们自己🙈，你刚才说🤚，就是比如说辅食养育方面的这些你刚才说有一个app是公众号比如说年糕妈妈👏，这是你听过吗🙈。就是语音育婴那个这一块🙈,0.7303459119496855,0.5062106918238993,0.672,1.098,0.8175695452346396,1.0239631712626998
264,没有我了解的不多😬。嗯🤚，我当时关注这个公众号😬。是因为他的睡眠不太好🤚，所以就想了解一下他相关的有一些比较课程😅，他会有一些这样的东西😬，现在宝宝现在快一岁嘛😅，遇到的最大的问题😴，一个是睡眠主要就是睡觉😴，主要睡觉的问题😅。就说那个可能因为这满了1岁可能会涉及到要断奶😬，他断母乳了😬，然后可能后续的😳，他应该有些什么指导😬，会想去了解一下😬。,-0.29773584905660383,0.0431865828092243,0.0,0.0,-0.06619632373097069,-0.28077463474000797
265,是不是都是他妈妈看的🙈,0.41069182389937103,0.41572327044025154,0.672,1.098,0.6745863570391872,1.0845500725689408
266,可能他有我不知道😈。,0.11635220125786164,0.5477987421383648,-0.239,0.665,-0.16426100628930815,0.7185062893081762
267,你们会交流吗😂，,1.2830188679245282,0.6949685534591195,0.43300000000000005,1.3370000000000002,0.7457389937106917,1.3226572327044026
268,这方面有讨论这个问题😅，但怎么去解决😐，没有还没有怎么去了解😅，现在主要是睡觉😴。,-0.719811320754717,-1.070440251572327,0.0,0.0,-0.11116010710653085,-0.6668219679454579
269,你又把米兔推荐给别人吗？👍,1.8666666666666667,1.0377358490566038,-0.215,0.211,1.8666666666666667,1.0377358490566038
270,米兔主动推荐没有就说有朋友问过👍。然后也没有怎么去就是很积极的这样👍，因为我觉得这我其实不太喜欢🤚，就主动去推荐某一个东西😋，但是如果说这个东西特别好😋，都是我才会去分享🤚。,1.0871069182389936,0.6703354297693921,-0.239,0.239,1.0746044992743107,0.7402060151588454
271,最近有没有买过特别令你满意的一些数码产品电子产品🙏,1.0553459119496855,0.6666666666666666,0.5,0.5,0.566648697214735,0.5333333333333333
272,最近的数码产品😳，好像还没有😓，还没有特别满意的东西😓，可能太忙了😐。也没买什么东西😒，可能最满意就是公布吗？😐,-0.016981132075471733,0.5134171907756814,-0.5,-0.5,-0.4217610062893082,-0.26264150943396225
273,木马有在推荐给别人吗？👍,1.8666666666666667,1.0377358490566038,0.5,0.5,1.8666666666666667,1.0377358490566038
274,我们朋友😂，他们的孩子都挺大了👊。现在还没有需求的😈，但如果有人问我肯定要推荐这个👊。,-0.09827044025157239,0.9051886792452831,0.43300000000000005,1.3370000000000002,0.33135220125786163,1.3857232704402516
275,感觉不错💟，我觉得我就会买一个买个蓝色款呢？🙈,0.7927672955974843,0.17232704402515725,1.0,1.0,1.0083721790603033,0.9864742878283389
276,而且我觉得还有一点就是我觉得这种他自己去摇的🙊，我觉得会比电动的好👊。因为我现在他有一些电动的👊，就在电池或者充电的玩具👍，我觉得就是说🙊。让他变得太懒惰了就说👊。他就住那里就就这样🙊，我觉得可能是我们这个现代🙊。接触的这东西都是这样的🙊，对懒人经济特别多😴，但其实我觉得这个反而特别好就是他自己去摇🙊，可以锻炼自己👍，你要去掌握力度👊，你自己要去练习该怎么去使力👊，然后还有就是说你特别以后他有4个轮的时候🤚，你自己也要去走🙊，现在好多🙊，我看小区里面的朋友👊，他都是买那种电动的🤚，然后还有带遥控的🙅，然后做的车里面就这样这样走🙅，我觉得这个其实对小朋友没有多大的帮助👏，在里面👊，他其实就是只是一个娱乐了👊，就是娱乐了👊，而这样我觉得他能锻炼自己的四肢🙊，然后去锻炼自己的平衡协调能力🙅。我觉得可能会更好👊，以后我就觉得小朋友还是多👊，该去锻炼一下👊。参与下你可以用一些先进的仪器来去引导👊，,0.8648204503956177,0.5231487117062285,-0.239,0.665,0.20294329478596065,0.6591331913166971
277,你们就这款产品就是不错👌，那你们有继续观望🙏，就是说他就是同个品牌同个店铺的其他的产品👀。,0.7182389937106919,0.19706498951781967,0.5,0.5,0.7115783168613358,0.4537646001796945
278,如果是有他的其他方面的需求🔫，我可能会去看😴,-1.310377358490566,-0.909119496855346,-0.239,0.665,-0.5653380503144655,-0.8741745283018867
279,你的朋友有再推荐一些其他的这种因为都比较有经验嘛💯，还大一些🙏。他们用的比较好的一些产品吗？💯,2.0821802935010485,1.7733752620545074,0.5,0.5,1.7716921233902365,1.5512488769092545
280,嗯😅，我们朋友一般是这样的😬，就是说😅，你如果有问题的时候😬，你提出来问了大家会给您解答😬，就说😋，用我在群里面或者什么发一下😬，还是怎么怎么样了😬，大家会说这个不错👍，这个不错😬，包括以前我们的奶瓶喂小朋友他喝奶的时候有一点困难的时候😅，我问了😬，他说😬，你该买什么牌子的？😬他那个奶嘴的什么？👌十字口的还是什么一字口头还是怎么这样？🤚他们会推荐的比较什么牌子会推荐😬，但你要说这个突然之间😬，,0.3671558350803634,0.3229559748427673,0.0,0.0,0.24974297312948565,0.15482709603121794
281,是这个年龄段的孩子遇到的问题主要就是针对性👀。,-1.7327044025157232,0.8855345911949686,0.5,0.5,0.32767295597484275,0.552093441150045
282,对🙌，有这样的问题之后😴，然后大家会就给你推荐的都是群👍。,1.0251572327044025,-0.06457023060796645,1.0,1.0,1.0251572327044025,-0.06457023060796645
283,这个群是微信群就类似👀，朋友之间加的🙏。就是看到的一些论坛呢🙅，朋友圈的一些推荐👀。,0.6217610062893082,0.5510691823899372,0.5,0.5,0.5541814914645103,0.6022893081761007
284,群体是比较杂一点🙊，有这个小区的业主群🔫，因为很多也是妈妈🔫，然后也是在里面带孩子的😈，其实大家可以进行交流一下还有就是那个当时那个妇产医院🙅，当时他妈妈加了会🤚。,-0.8428721174004193,0.13029350104821802,-0.239,0.665,-0.5640435010482181,0.5888705450733753
285,那个育儿的群讨论哪些？🙊,0.23836477987421384,0.1716981132075472,0.0,0.426,0.016502177068214805,0.42150217706821486
286,我倒没有加进去🙅，我都不知道国估计可能也就是一些育儿方面的买什么东西之类的👊，或者是哪个东西用的好可能这方面的👊。,-0.013626834381551397,0.34088050314465407,0.43300000000000005,1.3370000000000002,0.07548218029350102,0.9465932914046121
287,还有一块是我有点好奇就刚刚您描述您理想的那个家的🙏，那个情况的时候👀，前面其实谈了很多比方说更智能吗🙏，然后新风系统安保系统娱乐设施👀。那关于亲子互动类的🙏。,-0.07250673854447445,0.3511230907457322,0.5,0.5,0.4699756128866642,0.5062867411115389
288,嗯亲子互动类🙌，因为他是一个小女孩所以我不太希望就说🙌，如果是男孩子🙊，可能他会对智能机器人或者这样的东西💙，可能我会通常做🙌，因为我觉得小女孩可能首先💙，我就不会更多的去引导他去关注机器人这个✨，因为我觉得这个是不是和他的那个以后的性格走向🙅，或者说其他方面会有一点点误差😖，,0.7128301886792452,1.0322012578616353,0.0,0.0,0.4585897277662653,0.6903416264129706
289,"不一定是机器人👀,",-0.10251572327044026,-0.2679245283018868,0.4570000000000001,0.4570000000000001,0.43232583454281576,0.4208744557329464
290,我现在的理解就说你要讲互动🙊，我可能会想到就是机器人这一类的东西🙊。,1.5251572327044025,1.082389937106918,0.0,0.426,0.1055878084179971,0.48455007256894045
291,或者说理想的亲子陪伴的环境🙈。,0.890251572327044,0.7179245283018868,1.0,1.0,1.011812800591935,1.005730669626341
292,我的观点其实还是更多的👊，就是你一个监控的或者记录的就是防范于安全的🙊。这样的东西或者是说能帮助学习的东西👊。然后更多的你要说陪伴🤚，包括这个他的那个wifi版的他可以对话的👊，我觉得这个都我都不太看重🙅，觉得还是要亲自去人与人之之间的去交流更好一点🙊，因为你和机器人去他人工智能呢🙅，我觉得这东西是可以帮助你学习👊，但是不能帮助你去成长🙅，就不能帮助你去学习这个就是说一些这个生活或者说亲子这样的东西💯，我觉得一定因为我好像感受就是小朋友👊，一定要自己去带💯。,0.712239961296565,0.6644412191582003,-0.239,0.665,0.27676584421867445,0.8682268988872762
293,有做一些小朋友的成长记录吗？👏,1.6540880503144655,1.2993710691823899,0.43300000000000005,1.3370000000000002,1.6540880503144655,1.2993710691823899
294,成长记录的话😂，暂时还没有🙅，只是因为我们平时都是会给他有视频影像👏，有照片😂，因为我是手机上面他那个苹果😂，他可以就是建了个相册嘛💯，他自己的😂，所以就没有单独自己再去做一个记录😂。因为我觉得这个可能以后他长大了👊，就是这些数字化的东西记录的就是他的成长👊。,1.3084905660377362,1.181006289308176,0.43300000000000005,1.3370000000000002,0.8773632075471699,1.3981053459119497
295,因为我听🙏，有些那个朋友讲他们把那个小孩子都会单独给他设一个什么QQ空间🙏，,1.9251572327044024,1.739937106918239,0.5,0.5,0.6412039532794249,0.6253279424977538
296,"我朋友也有💙，还有给他申请申请了一个号码😐，然后就是他的🙈，但我觉得有这个想法💁,但现在还没有想去弄这个😐，我觉得现在就是对他自己的有记录就好了😳。然后后面再整理一下比如说这一岁了👀",0.8978436657681941,0.5539083557951482,0.0,0.0,0.2939957546888182,0.1813753455075117
297,然后做一个通过是一个监控设施👀，那个监控也可以像那个开车一样👀，你会开车🙏，可以拍前面的嘛🙏，你同学这个开车也是一个监控的嘛🙏，那我们家里的这个监控👀，如果也可以做成叫智能记录成长一直是监控信息这个怎么样？👀,0.5265947888589397,0.5479784366576819,0.5,0.5,0.5213271723783853,0.5231600564754204
298,这个可能😬。兴趣不太大😅，因为我觉得拍他和拍风景片不一样😅，你要说记录风景或者记录一下这个其他的东西也是可以😬。但我觉得小朋友这些东西要去挑选😳，比如说他某一个学会的一个新的技能或者是有一个新的表情或者能够怎么怎么样😬，,0.28406708595387836,0.4042976939203354,0.0,0.0,0.036267375486680554,0.05161744179045274
299,刚好你不在身边呢？🙅监控就能拍下来🔫。,-0.9672955974842767,0.5946540880503145,0.672,1.098,-0.9672955974842767,0.5946540880503145
300,"监控哪方便👊，而且他的循环的这东西😈，你要自己去找对吧💯，这个我觉得可能就不太方便👊,不太适合😂。",0.5205031446540881,0.6534591194968554,0.43300000000000005,1.3370000000000002,0.7743018867924528,1.3723018867924528
301,那您刚刚提到的那个天猫精灵的时候🙈，主要是作为小朋友的考量👍，然后再考量🙈，他可能现在还不会对话或者是其他的🙈，如果作为您个人而言🤚，您觉得智能音箱这个东西怎么样？🙈,1.0160377358490564,0.8045073375262054,0.672,1.098,0.7617061764231575,0.9561361070795034
302,我觉得可以😬，如果我自己的话可能会买一个😬，因为我觉得因为我看了一下😬，当时买之前😬，我看了下评价他说的😅，他的那个语音识别好像挺好的👌，就是比较准确的👍。我觉得这个就很好😅，就是因为现在😬，我觉得既然有这个功能😬，你就把它做好你不管是这个🔫。这个对话的效果😬，对就像你说👏，比如说在卫生间外😅，爱洗澡的时候😬，你可以放一曲或者播放哪首歌😬，我直接点名😬，你就放那个👏，这个也挺好👍。,0.7499834491890103,0.6583581595498179,0.0,0.0,0.3792647337603826,0.3215282972188948
303,那了解过哪些智能音箱🙈,0.41069182389937103,0.41572327044025154,0.672,1.098,0.6745863570391872,1.0845500725689408
304,"智能音箱🙊,这个真的还了解不多🤚，因为暂时没有想去买🤚。",-0.23836477987421387,-0.04171907756813422,0.0,0.426,-0.016502177068214805,0.40672714078374456
305,小爱同学有听过吗？🙏,1.5251572327044025,1.082389937106918,0.5,0.5,0.6069182389937107,0.5689667565139264
306,小爱🙊，有那毕竟是小米的嘛🙊，但没用过🙊，因为我只是他因为手机里他有一个小爱的那个app🙅，他好像是可以连连那个小爱音箱的👊。,0.9655136268343815,0.7971698113207547,-0.239,0.665,0.04318920335429771,0.7517321802935011
307,然后小度呢？👌,1.0911949685534592,0.39182389937106915,0.0,0.0,1.0911949685534592,0.39182389937106915
308,小度是那个当时是那个是我朋友的一个车上面🙈，他有那个百度的那个是什么👊，他的可以连车载系统的👌， 🙈pertaining对对对🙈，他就是有那个小度👊，他可以他直接可以对语音说👊，小度小度🙈，然后他就醒了👊，然后因为我这因为我看他用过🙈，然后你说我导航到什么地方🙈，他就直接给你导航了👊。,-0.097770154373928,0.1986849628359062,0.672,1.098,0.6729757663719929,1.0066996525487093
309,那您了解到🙏，天猫精灵小爱同学小度这些您自己凭印象理由觉得他们有什么差异👀,0.31572327044025156,0.2833333333333333,0.5,0.5,0.5032524707996406,0.5004761904761905
310,我觉得小杜的话可能就偏向就是导航搜索这个🙊。搜索类的东西可能会功能比较强一点🙊，然后天猫我的印象就是说他们都说这个看评价也好🙊，他们说的就是他的语音识别👏，这个这方面好像强一点👏，然后小爱就不知道吧没用过🙊，然后只是说他属于小米的一个这样的🙊。旗下的一个产品🤚。估计可能要弱一点吧🙊，,1.0495597484276729,1.018427672955975,0.0,0.426,0.38057668118045485,0.6400817610062892
311,出于您自己的考量🙏。会选择哪个?🙏,0.9679245283018868,0.7490566037735849,0.672,0.672,0.7131640058055153,0.698011611030479
312,我可能会选天猫精灵吧👊,0.5150943396226415,0.23773584905660375,0.43300000000000005,1.3370000000000002,0.5153616352201258,1.185487421383648
313,为什么?😅,-1.9918238993710695,0.420125786163522,0.0,0.0,-0.13789550072568943,0.02908563134978229
314,我觉得他的综合可能会好一点😬，因为你说小度的话这个毕竟它应用的范围可能会要稍微要窄一点😬，然后那个小爱觉得可能综合能力要差一点😅，因为他毕竟不是专业做这个东西的😬。可能天猫精灵的😬，他说还可以直接买东西嘛😬，那个识别直接买东西😅，因为我电视上不是有一期的😬，他那个什么晚会吗😅，那个是天猫赞助的😬，我看过那个晚会上面的看了一下💯，他功能介绍和还挺好的😅。,0.41417190775681345,0.6043186582809223,0.0,0.0,0.24255437719237574,0.1927641439484808
315,除了您了解到的智能音响功能外🙈，你有没有对他还有一些其他方面的期待🙅,-0.13962264150943401,0.4254716981132075,0.672,1.098,-0.007675374939525914,0.7598850991775521
316,我手机上有那个关注🙏，那个小兵🙏，最早的我是在哪里看到🙏，然后我觉得他们的那个智能对话都功能还特别强大🙈。他可以唱歌🙈。然后他可以给你发语音🙏，我就是这个这个就是有点超乎我的想象🙈，因为我印象当中🙏，这样的一个智能的设备🙏，你和他进行对话的他就是文字的👏。然后🙏，他还能够把一些人的那种就是语调语速😴，然后还有一些情感东西👏，他还可以适当的放到里面🙏。我就觉得他还比较那个🙏，而且他一直好像是现在在不停的更新在升级🙏。就是可以解锁好多东西🙏。所以💯，我觉得他这个功能很强大😴，所以我觉得把这些东西加进去的话就很好🙈，就是说你一定要不断的去升级👍，一定就是通过你的这个语音或者大数据的东西🙏，把您的这些东西更多融入进去🙏，这样才是一个一个人工智能的东西🙏。,0.9173333333333333,0.5399999999999999,0.672,0.672,0.7678817610062895,0.543077503628447
317,人工智能就是不断的跟你对话💯,2.3534591194968555,2.0352201257861635,0.5,0.5,2.3534591194968555,2.0352201257861635
318,对🙌，就是不断的学习嘛👌,1.2537735849056606,0.8352201257861636,-0.239,0.665,1.2537735849056606,0.8352201257861636
